,Company Name,Price Per Share,Number of Shares,Quarterly Dividends Payout,Annual Dividend Payout,Annual Payout,Quarterly Payout,Reinvested Y1Q1 Shares,Reinvested Y1Q1 Dividends,Reinvested Y1Q2 Shares,Reinvested Y1Q2 Dividends,Reinvested Y1Q3 Shares,Reinvested Y1Q3 Dividends,Reinvested Y1Q4 Shares,Reinvested Y1Q4 Dividends,Reinvested Y2Q1 Shares,Reinvested Y2Q1 Dividends,Reinvested Y2Q2 Shares,Reinvested Y2Q2 Dividends,Reinvested Y2Q3 Shares,Reinvested Y2Q3 Dividends,Reinvested Y2Q4 Shares,Reinvested Y2Q4 Dividends,Reinvested Y3Q1 Shares,Reinvested Y3Q1 Dividends,Reinvested Y3Q2 Shares,Reinvested Y3Q2 Dividends,Reinvested Y3Q3 Shares,Reinvested Y3Q3 Dividends,Reinvested Y3Q4 Shares,Reinvested Y3Q4 Dividends,Reinvested Y4Q1 Shares,Reinvested Y4Q1 Dividends,Reinvested Y4Q2 Shares,Reinvested Y4Q2 Dividends,Reinvested Y4Q3 Shares,Reinvested Y4Q3 Dividends,Reinvested Y4Q4 Shares,Reinvested Y4Q4 Dividends,Reinvested Y5Q1 Shares,Reinvested Y5Q1 Dividends,Reinvested Y5Q2 Shares,Reinvested Y5Q2 Dividends,Reinvested Y5Q3 Shares,Reinvested Y5Q3 Dividends,Reinvested Y5Q4 Shares,Reinvested Y5Q4 Dividends,Reinvested Y6Q1 Shares,Reinvested Y6Q1 Dividends,Reinvested Y6Q2 Shares,Reinvested Y6Q2 Dividends,Reinvested Y6Q3 Shares,Reinvested Y6Q3 Dividends,Reinvested Y6Q4 Shares,Reinvested Y6Q4 Dividends,Reinvested Y7Q1 Shares,Reinvested Y7Q1 Dividends,Reinvested Y7Q2 Shares,Reinvested Y7Q2 Dividends,Reinvested Y7Q3 Shares,Reinvested Y7Q3 Dividends,Reinvested Y7Q4 Shares,Reinvested Y7Q4 Dividends,Reinvested Y8Q1 Shares,Reinvested Y8Q1 Dividends,Reinvested Y8Q2 Shares,Reinvested Y8Q2 Dividends,Reinvested Y8Q3 Shares,Reinvested Y8Q3 Dividends,Reinvested Y8Q4 Shares,Reinvested Y8Q4 Dividends,Reinvested Y9Q1 Shares,Reinvested Y9Q1 Dividends,Reinvested Y9Q2 Shares,Reinvested Y9Q2 Dividends,Reinvested Y9Q3 Shares,Reinvested Y9Q3 Dividends,Reinvested Y9Q4 Shares,Reinvested Y9Q4 Dividends,Reinvested Y10Q1 Shares,Reinvested Y10Q1 Dividends,Reinvested Y10Q2 Shares,Reinvested Y10Q2 Dividends,Reinvested Y10Q3 Shares,Reinvested Y10Q3 Dividends,Reinvested Y10Q4 Shares,Reinvested Y10Q4 Dividends
0,Lockheed Martin Corporation,491.11,40.724074036366595,122.17222210909978,488.6888884363991,12.0,3.0,40.97284156728451,122.91852470185353,41.22312872230447,122.91852470185353,41.473415877324435,123.66938616691343,41.7252319392391,124.4202476319733,41.97857690804848,125.1756958177173,42.233460123250204,125.93573072414544,42.48989092434191,126.7003803697506,42.74787870787258,127.46967277302572,43.007432927442586,128.24363612361773,43.26856309405214,129.02229878232777,43.531278776449824,129.80568928215644,43.79558960148323,130.59383632934947,44.06150525445171,131.38676880444967,44.32903547946128,132.18451576335514,44.59819007978169,132.98710643838385,44.868978918205634,133.79457023934506,45.14141191741018,134.6069367546169,45.41549906032036,135.42423575223054,45.69125039047497,136.24649718096106,45.968676012394624,137.0737511714249,46.247786091952,137.9060280371839,46.52859085674438,138.743358275856,46.811100596468386,139.58577257023313,47.09532566329707,140.43330178940516,47.38127647225922,141.2859769898912,47.66896350162106,142.14382941677766,47.95839729327013,143.00689050486318,48.249588453101666,143.8751918798104,48.542547651407155,144.748765359305,48.8372856232654,145.62764295422147,49.133813168935866,146.5118568697962,49.432141154254424,147.4014395068076,49.73228051103153,148.29642346276327,50.03424223745283,149.19684153309458,50.33803739848212,150.1027267123585,50.64367712626685,151.01411219544636,50.951172620546025,151.93103137880055,51.260535149060615,152.85351786163807,51.57177604796644,153.78160544718185,51.88490672224955,154.7153281438993
1,Cintas Corporation,458.675,43.60385894151632,50.144437782743765,200.57775113097506,4.6,1.15,43.71318349110534,50.27016101477114,43.82278214159811,50.27016101477114,43.93238079209088,50.39619946283782,44.04225423071919,50.52223791090451,44.15240245748303,50.64859236532706,44.26282616133723,50.775262826105475,44.37352603123663,50.90225008553781,44.48450275786341,51.02955493592212,44.59575703362712,51.15717817154292,44.707289552669025,51.28512058867119,44.819101010866376,51.41338298556938,44.93119210583682,51.54196616249633,45.04356353694271,51.67087092171234,45.1562160052955,51.800098067484114,45.269150213760064,51.92964840608982,45.382366866959146,52.05952274582407,45.495866671277724,52.18972189700301,45.60965033486742,52.32024667196938,45.72371856765091,52.451097885097525,45.83807208132639,52.582276352798544,45.95271158937195,52.71378289352534,46.0676378070501,52.84561832777774,46.182851451412176,52.97778347810761,46.298353241302856,53.110279169124,46.41414389736461,53.24310622749828,46.53022414204221,53.3762654819693,46.64659469958725,53.50975776334853,46.763256296062636,53.64358390452533,46.88020965934715,53.77774474047203,46.997455519139976,53.91224110824922,47.11499460696523,54.04707384701097,47.232827656176575,54.18224379801001,47.35095540196174,54.317751804603056,47.46937858134715,54.453598712255996,47.588097933202505,54.58978536854922,47.7071141982454,54.72631262318288,47.82642811904593,54.863181327982204,47.94604044003134,55.00039233690281,48.06595190749066,55.13794650603604,48.18616326957936,55.27584469361425
2,"Home Depot, Inc. (The)",322.0127,62.10935158768583,118.00776801660307,472.03107206641226,7.6,1.9,62.47582088537689,118.70405968221608,62.84445249426131,118.70405968221608,63.21308410314573,119.40445973909648,63.583890781699395,120.10485979597689,63.9568725299223,120.80939248522884,64.33204218157029,121.51805780685237,64.70941257039921,122.23088014498354,65.08899660588906,122.9478838837585,65.47080727324398,123.66909355118922,65.85485763383903,124.39453381916356,66.24116082566707,125.12422950429415,66.62973006378809,125.85820556876742,67.02057864078138,126.59648712119736,67.4137199272002,127.33909941748462,67.8091673720292,128.0860678616804,68.20693450314445,128.83741800685547,68.60703492777633,129.59317555597445,69.00948233297486,130.353366362775,69.41429048607806,131.1180164326522,69.82147323518284,131.88715192354832,70.23104450961874,132.66079914684738,70.64301832042449,133.4389845682756,71.05740876082723,134.22173480880653,71.4742300067247,135.00907664557172,71.89349631717013,135.8010370127769,72.31522203486007,136.59764300262324,72.73942158662503,137.39892186623413,73.16610948392297,138.20490101458753,73.59530032333578,139.01560801945362,74.02700878706858,139.83107061433796,74.461249643452,140.6513166954303,74.89803774744738,141.4763743225588,75.33738804115492,142.30627172015,75.7793155543249,143.14103727819435,76.22383540487176,143.9806995532173,76.67096279939135,144.82528726925634,77.12071303368104,145.67482931884356,77.57310149326305,146.52935476399398,78.02814365391073,147.3888928371998,78.485855082178,148.2534729424304
3,"United Parcel Service, Inc.",182.47,109.60705869457993,166.6027292157615,666.410916863046,6.08,1.52,110.52010045057139,167.9905526848685,111.44074796898465,167.9905526848685,112.36139548739791,169.38993691285668,113.28971212527185,170.78932114084483,114.22569788260645,172.2003624304132,115.16941664421337,173.6230607815618,116.12093229490424,175.05751329920432,117.08030925165988,176.50381708825444,118.04761246363037,177.96207006252303,119.02290741656796,179.43237094471817,120.00626013726023,180.9148192731833,120.99773719799998,182.40951540863554,121.99740572109219,183.91656054095998,123.00533338339811,185.43605669606015,124.02158842091694,186.96810674276512,125.04623963340538,188.51281439979374,126.07935638903531,190.07028424277618,127.12100862908999,191.64062171133367,128.171266872699,193.22393311621678,129.23020222161233,194.82032564650248,130.297886365014,196.42990737685074,131.37439158437527,198.05278727482127,132.4597907583481,199.68907520825042,133.55415736769896,201.33888195268912,134.65756550028343,203.00231919890243,135.77008985606193,204.6794995604308,136.89180575215678,206.37053658121414,138.02278912795123,208.07554474327833,139.1631165502304,209.79463947448588,140.3128652183648,211.52793715635022,141.47211296953677,213.2755551319145,142.6409382840099,215.0376117136959,143.81942029044217,216.81422619169507,145.00763877124282,218.6055188414721,146.20567416797365,220.4116109322891,147.41360758679477,222.23262473531994,148.6315208039555,224.06868353192806,149.85949627133058,225.91991162201236,151.097617122002,227.7864343324225,152.34596717588713,229.66837802544302
4,Target Corporation,157.385,127.0769133017759,137.243066365918,548.972265463672,4.32,1.08,127.94893456406848,138.18484932919398,128.82693976995972,138.18484932919398,129.70494497585096,139.1330949515565,130.5889751880793,140.08134057391905,131.47903040664474,141.03609320312566,132.37515197606447,141.99735283917633,133.27738124085576,142.96516413414963,134.18575982924824,143.93957174012422,135.10032965318396,144.92062061558812,136.0211329102643,145.90835602543868,136.94821208569675,146.90282354308545,137.88160995425528,147.9040690525525,138.82136958225382,148.91213875059572,139.7675343295334,149.92707914883414,140.72014785146263,150.94893707589608,141.67925410095208,151.97775967957963,142.64489733048208,153.01359442902825,143.6171220941446,154.05648911692066,144.59597324969894,155.10649186167618,145.58149596064138,156.16365110967487,146.57373569828903,157.2280156374927,147.57273824387784,158.29963455415216,148.5785496906749,159.37855730338808,149.59121644610514,160.4648336659289,150.61078523389259,161.55851376179356,151.63730309621616,162.659648052604,152.67081739588008,163.76828734391347,153.71137581849922,164.8844827875505,154.75902637469932,166.00828588397917,155.81381740233206,167.13974848467527,156.87579756870545,168.27892279451865,157.9450158728292,169.4258613742019,159.0215216476756,170.58061714265554,160.10536456245563,171.74324337948966,161.1965946249107,172.9137937274521,162.2952621836199,174.09232219490355,163.40141793032325,175.27888315830953,164.51511290226028,176.4735313647491,165.6363984845251,177.67632193444112,166.76532641243716,178.88731036328713
5,Texas Instruments Incorporated,177.67,112.56824449822706,139.58462317780155,558.3384927112062,4.96,1.24,113.35388429773064,140.558816529186,114.14500725900258,140.558816529186,114.93613022027452,141.5398090011632,115.73277461156829,142.5208014731404,116.53494043288387,143.50864051834466,117.34266621955773,144.503326136776,118.15599050692632,145.50490611225158,118.9749520992731,146.51342822858862,119.79959006982855,147.52894060309865,120.62994376264726,148.5514916865874,121.46605279448487,149.5811302656826,122.3079570566883,150.61790546516124,123.15569671709895,151.66186675029348,124.00931222196918,152.7130639292027,124.86884429789198,153.7715471552418,125.73433395374408,154.83736692938606,126.60582248264252,155.91057410264267,127.48335146391479,156.99121987847673,128.36696276508255,158.07935581525433,129.25669854385924,159.17503382870237,130.15260125016138,160.27830619438546,131.05471362813395,161.3892255502001,131.96307871818968,162.5078448988861,132.87773985906256,163.6342176105552,133.79874068987561,164.76839742523757,134.72612515222286,165.91043845544576,135.6599374922659,167.06039518875636,136.60022226284482,168.21832249040972,137.54702432560393,169.38427560592757,138.50038885313208,170.55831016374887,139.46036133111795,171.7404821778838,140.42698756052013,172.93084805058626,141.40031365975233,174.12946457504495,142.38038606688377,175.33638893809288,143.36725154185476,176.5516787229359,144.36095716870756,177.7753919118999,145.3615503578329,179.00758688919737,146.36907884823194,180.2483224437128,147.38359070979388,181.4976577718076,148.4051343455895,182.75565248014442
6,Clorox Company (The),148.775,134.43118803562427,158.62880188203664,634.5152075281466,4.72,1.18,135.49742095030777,159.88695672136316,136.57211062748044,159.88695672136316,137.6468003046531,161.15509054042693,138.73001381862002,162.42322435949066,139.82175116938117,163.7014163059716,140.92207996323748,164.9896663798698,142.03106780648983,166.28805435662022,143.14878284165448,167.596660011658,144.27529374746297,168.91556375315227,145.41066974311514,170.2448466220063,146.55498059253208,171.58459029687586,147.70829660864283,172.93487709918784,148.87068865770476,174.29578999819853,150.04222816365802,175.6674126160916,151.2229871125143,177.04982923311647,152.4130380567799,178.44312479276684,153.61245411991393,179.84738490700028,154.82130900082134,181.26269586149843,156.0396769783814,182.6891446209692,157.26763291601185,184.12681883449005,158.50525226626888,185.57580684089396,159.75261107548343,187.03619767419727,161.00978598843383,188.50808106907044,162.27685425305538,189.9915474663519,163.55389372518678,191.48668801860532,164.8409828733542,192.9935945957204,166.13820078359262,194.51235979055792,167.4456271643055,196.04307692463928,168.76334235116244,197.58584005388047,170.09142731203542,199.14074397437167,171.42996365197408,200.70788422820178,172.77903361821976,202.2873571093294,174.13872010525944,203.8792596694993,175.50910665991915,205.48368972420613,176.89027748649758,207.10074585870458,178.28231745194006,208.73052743406714,179.68531209105328,210.37313459328925,181.09934761176098,212.02866826744287,182.52451090040117,213.69723018187793,183.96088952706478,215.37892286247336
7,International Business Machines,147.6,135.50135501355015,223.57723577235774,894.308943089431,6.6,1.65,137.01610593341707,226.07657479013815,138.54779004446135,226.07657479013815,140.07947415550564,228.60385357336122,141.62828075153112,231.1311323565843,143.19420983253778,233.68666324002635,144.77745280841873,236.27044622368732,146.378201089067,238.8827971338909,147.99664822412046,241.52403179696054,149.63298990296167,244.19446956979874,151.2874239786378,246.89443333988675,152.96015049178067,249.62424956475238,154.65137169479388,252.38424831143809,156.36129207630768,255.17476329640988,158.09011838590396,257.99613192590766,159.83805965911472,260.8486953367415,161.60532724269697,263.73279843753926,163.39213482018707,266.64878995045,165.19869843773753,269.5970224533086,167.02523653023962,272.5778524222669,168.87196994773467,275.5916402748954,170.73912198211744,278.6387504137622,172.6269183941348,281.71955127049375,174.53558744068286,284.8344153503224,176.4653599024059,287.9837192771267,178.41646911160052,291.16784383896976,180.38915098042824,294.38717403414086,182.38364402944003,297.6420991177066,184.40018941641637,300.93301264857604,186.43903096552597,304.260312537087,188.50041519680704,307.62440109311785,190.5845913559745,311.0256850747316,192.6918114445567,314.4645757373579,194.82233025036535,317.9414888835185,196.97640537830247,321.4568449131028,199.15429728150778,325.01106887419905,201.35626929285058,328.6045905144878,203.58258765676987,332.23784433320344,205.83352156146637,335.91126963367026,208.10934317145058,339.6253105764195,210.41032766045072,343.3804162328934
8,JP Morgan Chase & Co.,131.72,151.83723048891588,151.83723048891588,607.3489219556635,4.0,1.0,152.9899577170431,152.9899577170431,154.1514362906617,152.9899577170431,155.31291486428032,154.1514362906617,156.48321122239344,155.31291486428032,157.6623253650011,156.48321122239344,158.85032423550211,157.6623253650011,160.0472747772953,158.85032423550211,161.25324444200456,160.0472747772953,162.46830118947872,161.25324444200456,163.69251349165003,162.46830118947872,164.9259503363925,163.69251349165003,166.16868123140958,164.9259503363925,167.4207762081511,166.16868123140958,168.68230582575973,167.4207762081511,169.95334117504723,168.68230582575973,171.2339538825006,169.95334117504723,172.52421611431845,171.2339538825006,173.82420058047774,172.52421611431845,175.1339805388312,173.82420058047774,176.45362979923567,175.1339805388312,177.78322272771146,176.45362979923567,179.12283425063308,177.78322272771146,180.47253985895156,179.12283425063308,181.8324156124486,180.47253985895156,183.2025381440228,181.8324156124486,184.582984664008,183.2025381440228,185.9738329645244,184.582984664008,187.37516142386247,185.9738329645244,188.78704901089955,187.37516142386247,190.2095752895502,188.78704901089955,191.6428204232497,190.2095752895502,193.0868651794716,191.6428204232497,194.54179093427913,193.0868651794716,196.007679676911,194.54179093427913,197.48461401440173,196.007679676911,198.97267717623677,197.48461401440173,200.47195301904273,198.97267717623677,201.98252603131297,200.47195301904273,203.50448133816874,201.98252603131297,205.03790470615624,203.50448133816874
9,Allstate Corporation (The),128.59,155.53308966482618,132.20312621510226,528.812504860409,3.4,0.85,156.56118769900536,133.07700954415455,157.59608162189326,133.07700954415455,158.63097554478117,133.95666937860926,159.6727102782644,134.83632921306398,160.72128582234296,135.72180373652472,161.7767473958442,136.61309294899152,162.83914021759546,137.51023528646758,163.90850980532753,138.41326918495614,164.9849019756748,139.3222333345284,166.06836284615096,140.23716667932356,167.1589388371248,141.1581084192283,168.25667667380904,142.08509801155608,169.3616233882624,143.01817517273767,170.47382632140446,143.957379880023,171.59333312504413,144.90275237319378,172.72019176392112,145.8543331562875,173.85445051776114,146.81216299933294,174.99615798334426,147.77628294009696,176.1453630765871,148.74673428584262,177.3021150346386,149.72355861509902,178.46646341798956,150.7067977794428,179.638458112596,151.69649390529113,180.81814933201656,152.6926893957066,182.00558761956384,153.69542693221408,183.20082385046993,154.70474947662927,184.40390923406608,155.72070027289945,185.6148953159768,156.74332284895615,186.83383398032828,157.7726610185803,188.06077745197132,158.80875888327904,189.29577829871897,159.85166083417562,190.53888943359863,160.90141155391112,191.79016411711922,161.95805601855884,193.04965595955298,163.02163949955133,194.3174189232325,164.09220756562001,195.59350732486266,165.16980608474762,196.8779758378477,166.25448122613327,198.17087949463388,167.34627946217054,199.47227368906712,168.4452475704388,200.78221417876648,169.55143263570704,202.10075708751293,170.6648820519515
10,3M Company,124.66,160.43638697256537,239.0502165891224,956.2008663564897,5.96,1.49,162.35400462529378,241.90746689168773,164.29454262378317,241.90746689168773,166.23508062227256,244.79886850943691,168.19881292220387,247.69027012718612,170.1857395235771,250.61623125408377,172.1961376565314,253.57675189012988,174.23028455120595,256.57224510823175,176.28846075133617,259.60312398129685,178.37095011425367,262.6698065194909,180.47803985049217,265.772715670238,182.61002056339316,268.91227937723335,184.7671862891852,272.08893063945584,186.94983453753636,275.3031075708859,189.15826633258598,278.5552534609292,191.3927862544609,281.84581683555314,193.65370248128227,285.17525151914674,195.9413268316685,288.5440166971106,198.2559748077403,291.95257697918606,200.5979656386338,295.40140246353303,202.9676223245277,298.8909688015644,205.36527168119034,302.4217572635463,207.7912443850532,305.9942548049736,210.24587501881683,309.6089541337293,212.72950211759533,313.26635377803706,215.2424682156062,316.966958155217,217.78511989341158,320.7112776412533,220.3578078257175,324.4998286411832,222.9608868297379,328.33313366031905,225.59471591412998,332.21172137630947,228.25965832850756,336.1361267120537,230.95608161353928,340.10689090947625,233.68435765163872,344.12456160417355,236.4448627182533,348.1896929009417,239.237977533759,352.3028454501974,242.06408731596818,356.4645865253009,244.92358183325763,360.67549010079256,247.81685545832414,364.93613693155385,250.74430722257534,369.247114632903,253.70634087116272,373.60901776163723,256.70336491866505,378.02244789803245
11,Exxon Mobil Corporation,107.07,186.7936863734006,169.98225459979454,679.9290183991782,3.64,0.91,188.38126697113847,171.426952943736,189.98234059534448,171.426952943736,191.5834142195505,172.88392994176348,193.19809554897762,174.34090693979095,194.8263845836259,175.81026694956964,196.46839697691598,177.29200997109956,198.12424838226855,178.78624124899355,199.79405543605574,180.29306602786437,201.47793575760113,181.81259044681073,203.17600795753398,183.34492153941704,204.88839164614348,184.89016724135593,206.61520744180385,186.44843639799058,208.3565769794707,188.0198387720415,210.1126229192488,189.60448505131833,211.8834689550321,191.2024868565164,213.66923982321663,192.8139567490792,215.47006131148672,194.43900823912713,217.28606026767545,196.07775579345292,219.11736460869957,197.73031484358467,220.9641033295699,199.3968017939166,222.8264065124775,201.0773340299086,224.7044053359566,202.77202992635452,226.59823208412467,204.48100885572052,228.50802015600027,206.20439119655347,230.43390407489963,207.94229834196025,232.37601949791224,209.69485270815866,234.33450322545644,211.46217774310014,236.3094932109155,213.24439793516538,238.3011285703548,215.0416388219331,240.3095495923211,216.85402699902286,242.3348977477243,218.68169012901222,244.3773156998025,220.52475695042912,246.43694731417094,222.38335728682029,248.51393766895583,224.25762205589555,250.60843306501351,226.1476832787498,252.72058103623561,228.0536740891623,254.85053035994125,229.9757287429744,256.9984310673567,231.91398262754655,259.1644344541835,233.8685722712946,261.3486930912554,235.839635353307
12,Abbott Laboratories,105.35,189.84337921214998,89.2263882297105,356.905552918842,1.88,0.47,190.69033116497116,89.62445564753644,191.54106164098005,89.62445564753644,192.39179211698894,90.02429897126062,193.24631797338438,90.42414229498479,194.1046392101664,90.82576944749066,194.96677275973917,91.2291804287782,195.83273555450688,91.63438319707741,196.7025446024146,92.04138571061823,197.57621698694822,92.45019596313486,198.45376986747158,92.86082198386566,199.33522047956333,93.27327183771163,200.22058613535557,93.68755362539476,201.1098842238738,94.10367548361711,202.00313221137847,94.52164558522068,202.90034764170804,94.94147213934788,203.80154813662352,95.36316339160277,204.70675139615463,95.78672762421306,205.61597519894735,96.21217315619268,206.52923740261315,96.63950834350526,207.44655594407973,97.06874157922817,208.36794883994332,97.49988129371746,209.29343418682245,97.93293595477336,210.22303016171352,98.36791406780655,211.15675502234765,98.80482417600535,212.0946271075494,99.24367486050339,213.0366648375969,99.68447474054821,213.9828867145836,100.12723247367053,214.93331132278172,100.57195675585429,215.8879573290072,101.0186563217074,216.8468434829864,101.46733994463338,217.80998861772426,101.9180164370036,218.77741164987427,102.37069465033039,219.74913158010997,102.8253834754409,220.7251674934981,103.28209184265168,221.70553855987353,103.7408287219441,222.69026403421566,104.20160312314056,223.67936325702667,104.66442409608135,224.67285565471136,105.12930073080253,225.67076073995864,105.59624215771433,226.67309811212488,106.06525754778055
13,Philip Morris International Inc,103.74,192.78966647387702,244.84287642182383,979.3715056872953,5.08,1.27,195.14982529807043,247.84027812854944,197.53887752603023,247.84027812854944,199.92792975399004,250.8743744580584,202.34622910292063,253.90847078756735,204.793775572822,256.9797109607092,207.27092721115542,260.08809497748393,209.77804206538218,263.23407755816737,212.31548256623208,266.4181134230354,214.8836155277034,269.64066285911474,217.4828122007236,272.90219172018334,220.11344832680982,276.203171494919,222.77590419238643,279.54407937504845,225.47056468375956,282.9253983243308,228.1978193427564,286.34761714837464,230.95806242303763,289.8112305653006,233.75169294709104,293.3167392772578,236.57911476391442,296.86465004280564,239.44073660739625,300.45547575017133,242.33697215540252,304.08973549139324,245.26824008957828,307.7679546373612,248.2349641558725,311.4906649137644,251.23757322579502,315.25840447795804,254.27650135841463,319.0717179967597,257.35218786310674,322.9311567251866,260.46507736306035,326.83727858614554,263.61561985955296,330.7906482510866,266.8042707970032,334.79183722163225,270.03149112880993,338.84142391219405,273.2977473839882,342.9399937335886,276.60351173461083,347.088139177665,279.94926206406586,351.28645990295576,283.33548203613987,355.53556282136367,286.7626611649365,359.8360621858976,290.23129488564115,364.18857967946934,293.74188462614114,368.5937445047643,297.2949378795127,373.05219347519926,300.8909682773843,377.56457110698113,304.53049566418764,382.13152971227805,308.2140461723068,386.75372949351834,311.94215229813597,391.4318386388296
14,Morgan Stanley,89.8,222.71714922048997,172.60579064587972,690.4231625835189,3.1,0.775,224.6392627020699,174.0954285941042,226.57796457950982,174.0954285941042,228.51666645694974,175.5979225491201,230.47209989290874,177.10041650413606,232.44426488738688,178.61587741700427,234.43330583857846,180.14430528772485,236.43936714467785,181.68581202489833,238.4625944500776,183.24050953712535,240.50313464536853,184.80851069881015,242.56113587809472,186.38992935016063,244.63674756350852,187.9848803055234,246.7301203954186,189.59347936171912,248.84140635713038,191.21584330644941,250.9707587324806,192.85208992677605,253.11833211696586,194.50233801767246,255.28428242896666,196.16670739064855,257.4687669210674,197.84531888244916,259.6719441914733,199.53829436382725,261.89397419552483,201.2457567483918,264.13501825731095,202.96783000153175,266.3952390813815,204.70463914941598,268.67480076455985,206.45631028807065,270.97386880785683,208.2229705925339,273.2926101284864,210.00474832608904,275.63119307198406,211.80177284957696,277.9897874244292,213.61417463078766,280.36856442477205,215.44208525393265,282.7676967772657,217.28563742919835,285.1873586640051,219.14496500238093,287.6277257575728,221.02020296460395,290.08897523379335,222.91148746211894,292.57128578459645,224.81895580618985,295.07483763099054,226.74274648306226,297.5998125361471,228.68299916401767,300.1463938185972,230.63985471551402,302.7147663655405,232.61345520941282,305.30511664626897,234.60394393329392,307.9176327257043,236.61146540085846,310.5525042780524,238.63616536242085,313.2099226005738,240.67819081549064
15,"General Mills, Inc.",86.175,232.08587177255586,125.32637075718017,501.3054830287207,2.16,0.54,233.5401957732194,126.11170571753848,235.00363303132835,126.11170571753848,236.4670702894373,126.90196183691732,237.93967791156572,127.69221795629615,239.42145589771363,128.4874260722455,240.91246171230307,129.28758618476536,242.4127528197561,130.09272932464367,243.92238704458515,130.9028865226683,245.44142257139302,131.71808900407598,246.96991794712932,132.53836818855223,248.50793208334693,133.36375569144985,250.05552425847253,134.19428332500735,251.6127541200914,135.02998309957516,253.17968168724633,135.87088722484938,254.75636735275083,136.71702811111302,256.34287188551684,137.56843837048547,257.939256432897,138.4251508181791,259.5455825230413,139.2871984737644,261.1619120672683,140.1546145624423,262.78830736245186,141.0274325163249,264.4248310934217,141.90568597572403,266.0715463353796,142.7894087904477,267.72851655633053,143.67863502110498,269.39580561952874,144.57339894041849,271.0734777859392,145.47373503454554,272.7615977167143,146.37967800440717,274.4602304756862,147.29126276702573,276.1694415318745,148.20852445687058,277.88929676200934,149.13149842721225,279.6198624530707,150.06022025148505,281.3612053048431,150.9947257246582,283.11339243248636,151.93505086461528,284.87649136912245,152.88123191354265,286.6505700684383,153.83330533932613,288.4356969073049,154.7913078369567,290.2319406884126,155.75527632994465,292.03937064292313,156.7252479717428,293.85805643313773,157.7012601471785,295.6880681551822,158.6833504738944,297.52947634170835,159.67155680379838
16,"Gilead Sciences, Inc.",88.175,226.82166146867027,165.57981287212928,662.3192514885171,2.92,0.73,228.69951588173666,166.95064659366776,230.5929170339189,166.95064659366776,232.48631818610113,168.33282943476078,234.39539478870685,169.7150122758538,236.3201468417361,171.108638195756,238.26070412209623,172.51370719446734,240.21719640669465,173.93031400913026,242.18975454686057,175.3585533768871,244.17851046834497,176.79852081920822,246.18359718021577,178.2503126418918,248.20514878375297,179.7140259415575,250.24330048141735,181.18975861213966,252.298188585893,182.67760935143465,254.36995052920386,184.1776776677019,256.4587248719053,185.69006388631882,258.5646513123512,187.21486915649086,260.68787069603695,188.75219545801636,262.8285250250193,190.30214560810697,264.9867574674135,191.86482326826408,267.1627123669685,193.44033295121184,269.35653525272085,195.028780027887,271.5683728487275,196.6302707344862,273.798373083879,198.2449121795711,276.04668510179306,199.8728123512317,278.31345927078917,201.51408012430892,280.5988471939455,203.16882526767608,282.90300171923815,204.83715845158022,285.2260769497636,206.51919125504384,287.5682282540453,208.2150361733274,289.929612276425,209.92480662545307,292.31038694753875,211.64861696179025,294.7107114948797,213.3865824717033,297.1307464534474,215.1388193912622,299.5706536764841,216.9054449110166,302.0305963463,218.68657718383338,304.51073898518666,220.48233533279898,307.01124746642057,222.29283945918627,309.53228902535665,224.11821065048701,312.0740322706131,225.95857098851036,314.63664719534813,227.81404355754754
17,Kellogg Company,72.94,274.19797093501506,161.77680285165889,647.1072114066355,2.36,0.59,276.415914489329,163.0853895487041,278.6517986344991,163.0853895487041,280.88768277966915,164.40456119435444,283.14165263426685,165.7237328400048,285.4137081982921,167.05357505421742,287.70399576415747,168.39408783699233,290.01266162427527,169.7453575008529,292.3398532543939,171.1074703583224,294.6857193135977,172.4805134200924,297.05040965387866,173.86457439502263,299.43407532970843,175.2597416957884,301.83686860768745,176.66610444452797,304.2589429762716,178.0837524785356,306.700453155577,179.51277635600024,309.1615551072633,180.95326736179044,311.6424060444965,182.40531751328535,314.14316444199153,183.86901956625294,316.6639900461354,185.344467020775,319.2050438851918,186.83175412721985,321.76648827958746,188.33097589226315,324.3484868522809,189.8422280849566,326.9512045392148,191.36560724284573,329.57480759985157,192.90121067813672,332.2194636277942,194.4491364839124,334.88534156149194,196.00948354039858,337.5726116950318,197.58235152128023,340.281445689017,199.16784090006877,343.01201658153235,200.76605295652,345.76449879919784,202.37708978310408,348.53906816831085,204.0010542915267,351.3359019260779,205.63805021930338,354.1551787319362,207.28818213638596,356.99707867896643,208.95155545184235,359.86178330539695,210.6282764205902,362.74947560620024,212.31845215018419,365.6603400447824,214.02219060765813,368.59456256476676,215.7396006264216,371.5523306018715,217.47079191321237,374.5338330958832,219.2158750551042,377.5392605027259,220.9749615265711
18,"Best Buy Co., Inc.",84.745,236.00212401911617,207.68186913682223,830.7274765472889,3.52,0.88,238.45279213094366,209.83845707523042,240.92890820947608,209.83845707523042,243.4050242880085,212.01743922433894,245.9068525873104,214.19642137344746,248.43439310738177,216.39803027683314,250.98791284632605,218.62226593449594,253.56767880224672,220.86936330476692,256.17396074578045,223.13955734597712,258.80703122009726,225.4330854562868,261.46716556969056,227.7501874736856,264.15464196916764,230.0911057013277,266.86974145233864,232.45608493286753,269.6127479416049,234.845372478058,272.383948277649,237.2592181886123,275.18363224943033,239.6978744843311,278.0120926244888,242.1615963794987,280.8696251795599,244.65064150955013,283.75652873150455,247.1652701580127,286.673105168557,249.705745283724,289.6196594818938,252.27233254833018,292.5964997975269,254.86530034406653,295.6039374085254,257.48491982182367,298.6422868075675,260.1314649195023,301.7118657198278,262.8052123906594,304.81299513620235,265.5064418334485,307.94599934687494,268.23543571985806,311.1112059752289,270.99247942524994,314.3089460121072,273.7778612582015,317.5395538504245,276.59187249065434,320.80336732013546,279.4348073883736,324.10072772356193,282.3069632417192,327.43197987108357,285.2086403967345,330.79747211719524,288.14014228655356,334.1975563969351,291.1017754631318,337.63258826268685,294.0938496293029,341.10292692136056,297.11667767116444,344.60893527195543,300.1705756907973,348.1509799435089,303.2558630393208,351.7294313334354,306.37286235028785,355.3446636462596,309.5218995734231
19,"Tyson Foods, Inc.",64.645,309.3820094361513,148.5033645293526,594.0134581174104,1.92,0.48,311.6792229024573,149.60602699317948,313.99349356520275,149.60602699317948,316.3077642279482,150.7168769112973,318.6392187396861,151.82772682941513,320.9878571004165,152.94682499504933,323.3538069031089,154.0741714081999,325.73719574073283,155.20982731349224,328.13815215365713,156.35385395555176,330.5568056296499,157.50631303375542,332.993286610913,158.66726670223193,335.4477265011169,159.83677757323824,337.9202576724873,161.0149087205361,340.4110134729442,162.2017236827939,342.9201282332937,163.3972864670132,345.4477372744727,164.60166155198098,347.9939769148467,165.81491389174687,350.55898447756226,167.0371089191264,353.1428982979525,168.26831254922988,355.74585773099807,169.5085911830172,358.3680031588427,170.75801171087906,361.0094759983644,172.0166415162445,363.67041870880206,173.2845484792149,366.35097479943886,174.56180098022497,369.05128883734164,175.84846790373064,371.77150645515786,177.14461864192398,374.51177435896983,178.45032309847576,377.27224033620666,179.7656516923055,380.0530532636149,181.0906753613792,382.8543631152876,182.42546556653514,385.6763209707526,183.77009429533803,388.51907902312075,185.12463406596126,391.3827905872937,186.48915793109796,394.26761010823265,187.86373948190098,397.1736931692877,189.24845285195167,400.1011965005886,190.6433727212581,403.050277987498,192.04857432028254,406.0210966791259,193.46413343399905,409.0138127969076,194.89012640598042,412.028587743245,196.32663014251563,415.065584110211,197.7737221167576
20,Coca-Cola Company (The),63.555,314.6880654551176,138.46274880025175,553.850995201007,1.76,0.44,316.8666941829951,139.42134544051785,319.0604058569864,139.42134544051785,321.2541175309777,140.386578577074,323.4630165723918,141.35181171363018,325.6871029812287,142.32372729185238,327.9264819017204,143.30232531174062,330.181258478099,144.28765203675698,332.4515385825244,145.27975373036355,334.73742881508457,146.27867697631072,337.039036508835,147.2844686786372,339.3564697348383,148.2971760638874,341.6898373072384,149.31684668332886,344.0392487883702,150.3435284151849,346.4048144939037,151.37726946688286,348.78664549802426,152.41811837731763,351.1848536386476,153.46612401913066,353.5995515226714,154.52133560100495,356.03085253126244,155.58380266997543,358.4788708251807,156.65357511375547,360.94372135013947,157.7307031630795,363.42551984220273,158.81523739406137,365.92438283321934,159.90722873056922,368.44042765629496,161.0067284466165,370.9737724513011,162.1137881687698,373.52453617042266,163.2284598785725,376.092838583743,164.35079591498598,378.6788002848678,165.48084897684691,381.28254269658754,166.61867212534185,383.90418807657875,167.7643187864985,386.5438595231447,168.91784275369466,389.2016809809953,170.07929819018366,391.87777724706694,171.24873963163793,394.5722739763823,172.42622198870944,397.2852976879504,173.6118005496082,400.0169757707072,174.80553098269817,402.7674364894972,176.00746933911117,405.536808991096,177.21767205537876,408.32522331027434,178.43619595608223,411.13281037590383,179.6630982565207,413.9597020171047,180.89843656539767
21,"Pfizer, Inc.",50.565,395.5305052902205,158.2122021160882,632.8488084643528,1.6,0.4,398.6593929025232,159.4637571610093,401.8130319247918,159.4637571610093,404.9666709470604,160.72521276991674,408.14525717804855,161.98666837882416,411.3487906177563,163.25810287121942,414.57746861382515,164.53951624710254,417.8314885138964,165.83098744553007,421.11104922675173,167.13259540555856,424.41635122231304,168.4444196907007,427.7475965439921,169.76654048892522,431.1049888210399,171.09903861759685,434.4887332809944,172.441995528416,437.8990367622248,173.79549331239775,441.33610772657556,175.15961470488992,444.80015627210884,176.53444309063025,448.2913941459471,177.92006250884356,451.8100347572166,179.31655765837885,455.3562931900927,180.72401390288667,458.93038621694694,182.1425172760371,462.5325323115981,183.5721544867788,466.1629516626666,185.01301292463927,469.82186618703406,186.46518066506667,473.50949954340837,187.92874647481364,477.2260771459954,189.40379981736336,480.97182617827787,190.8904308583982,484.74697560690237,192.38873047131116,488.55175619567547,193.89879024276095,492.38640051966956,195.4207024782702,496.2511429794396,196.95456020786784,500.1462198153511,198.50045719177584,504.07186912202127,200.05848792614046,508.02833086287245,201.6287476488085,512.0158468848008,203.211332345149,516.0346609329596,204.80633875392033,520.0850186656585,206.41386437318386,524.1671676693801,208.0340074662634,528.2813574739141,209.66686706775204,532.4278395676104,211.31254298956566,536.6068674127516,212.97113582704415,540.8186964610468,214.64274696510066
22,Dow Inc.,51.133,391.13683922320223,273.79578745624156,1095.1831498249662,2.8,0.7,396.4914201681153,277.5439941176807,401.919304198344,277.5439941176807,407.34718822857263,281.3435129388408,412.84937884791515,285.14303176000084,418.4258760563715,288.9945651935406,424.07769709549575,292.89811323946003,429.80585920684183,296.854387966847,435.61139355778636,300.86410144478924,441.4953452415285,304.9279754904504,447.45877346773176,309.04674166906995,453.5027517531652,313.2211414274122,459.6283681149553,317.45192622721567,465.8367252664468,321.73985768046873,472.1289408157099,326.08570768651276,478.50614746672807,330.4902585709969,484.96949322330397,334.9543032267096,491.5201415957192,339.47864525631275,498.15927181018566,344.0640991170034,504.8880790211258,348.71149026712993,511.7077745263207,353.42165531478804,518.6195859849636,358.19544216842445,525.6247576386593,363.0337101894745,532.7245505354084,367.93733034706145,539.9202427566171,372.90718537478585,547.2131296471728,377.9441699296319,554.6045240486284,383.0491907530209,562.0957565355354,388.22316683403983,569.6881756549699,393.4670295748748,577.3831481692928,398.7817229584789,585.1820593021909,404.1682037185049,593.0863129880396,409.62744151153356,601.097332124635,415.1604190916277,609.216558829339,420.7681324872445,617.4454546986844,426.45159118053726,625.7855010714875,432.2118182890791,634.2381992955127,438.04985075004123,642.805070997741,443.96673950685886,651.4876583582882,449.9635496984187,660.2875243880228,456.0413608508017,669.2062532099343,462.2012670716159
23,Unilever PLC,51.155,390.96862476786237,164.59779102727006,658.3911641090803,1.684,0.421,394.18625336775034,165.9524126678229,397.4303626956327,165.9524126678229,400.6744720235151,167.31818269486138,403.94528001285846,168.68395272189983,407.24278666366286,170.0609628854134,410.5672117029633,171.44921318540204,413.9187748577947,172.84879612694755,417.2976976635214,174.25980421513157,420.70420346383673,175.6823307163425,424.1385174256458,177.11646965827526,427.6008665539475,178.56231583619686,431.09147970683966,180.0199648192119,434.61058761064595,181.4895129565795,438.1584228751671,182.97105738408194,441.7352200090559,184.46469603044534,445.3412154353182,185.97052762381253,448.97664750693997,187.48865169826894,452.6417565226426,189.01916860042172,456.33678474276616,190.5621794960325,460.0619764052827,192.11778637670454,463.81757774194,193.686092066624,467.60383699453746,195.26720022935675,471.4210044313346,196.86121537470027,475.26933236359343,198.46824286559186,479.14907516225617,200.08838892507282,483.0604892747588,201.72176064330984,487.00383324198214,203.36846598467346,490.979367715341,205.02861379487447,494.9873554740132,206.70231380815858,499.02806144230874,208.38967665455957,503.1017527071814,210.09081386721198,507.2086985358826,211.80583788972336,511.3491703937601,213.53486208360655,515.5234419622012,215.278000735773,519.7317891567233,217.0353690660867,523.9744901452109,218.8070832349805,528.2518253663033,220.59326035113378,532.5640775479303,222.39401847921366,536.9115317260012,224.20947664767866,541.2944752632444,226.03975485664648
24,"Cisco Systems, Inc.",49.495,404.0812203252854,153.55086372360847,614.2034548944339,1.52,0.38,407.18357134505726,154.72975711112176,410.3097407987621,154.72975711112176,413.43591025246695,155.9177015035296,416.5860810071599,157.10564589593744,419.76025306284106,158.30271078272077,422.9586106905352,159.5088961638796,426.18133816126715,160.72427206240337,429.4286211608106,161.94890850128152,432.70064678968794,163.18287604110805,435.997603574032,164.42624578008142,439.319681476448,165.67908935813216,442.6670719069588,166.94147896105025,446.03996773403327,168.21348732464435,449.438563295699,169.49518773893266,452.86305441073955,170.78665405236563,456.31363838997714,172.08796067608102,459.7905140476412,173.3991825881913,463.29388171282335,174.72039533810366,466.82394324102023,176.0516750508729,470.3809020257636,177.3930984315877,473.96496301033955,178.74474276979018,477.57633269959683,180.10668594392902,481.21521917184515,181.4790064258468,484.881832090844,182.86178328530116,488.5763827178831,184.25509619452072,492.29908392395487,185.6590254327956,496.0501502020192,187.07365189110286,499.82979767936246,188.49905707676731,503.63824413004977,189.93532311815773,507.4757089874729,191.3825327694189,511.34241335699346,192.8407694152397,515.2385800286823,194.31011707565753,519.1644334901564,195.7906604108993,523.1201999395129,197.28248472625944,527.1061072983624,198.7856759770149,531.1223852249614,200.30032077337773,535.169265127444,201.82650638548532,539.2469801771557,203.3643207484287,543.3557653220881,204.91385246731917,547.4958573004157,206.4751908223935
25,The Kraft Heinz Company,39.535,505.8808650562793,202.3523460225117,809.4093840900468,1.6,0.4,510.99917404888106,204.39966961955244,516.1692681330989,204.39966961955244,521.3393622173166,206.46770725323955,526.5617653348894,208.53574488692666,531.8364774858171,210.62470613395578,537.1640279128807,212.73459099432685,542.5449458588608,214.86561116515227,547.9797659212145,217.01797834354434,553.4690280520743,219.1919063684858,559.0132776124256,221.38761122082974,564.6130654262823,223.60531104497022,570.2689478354127,225.84522617051294,575.9814867546113,228.10757913416512,581.7512497275255,230.39259470184453,587.578809983042,232.70049989101022,593.4647464922366,235.0315239932168,599.4096440258958,237.38589859689466,605.4140932126137,239.76385761035831,611.4786905974717,242.16563728504548,617.6040387013048,244.59147623898866,623.7907460805634,247.04161548052195,630.0394273877728,249.51629843222537,636.3507034325995,252.01577095510913,642.7252012435293,254.54028137303982,649.1635541301624,257.09008049741175,655.6664017461334,259.665421652065,662.2343901526609,262.26656069845336,668.8681718827344,264.8937560610644,675.5684060059433,267.54726875309376,682.3357581939563,270.2273624023773,689.1709007866558,272.9343032775825,696.0745128589356,275.6683603146623,703.0472802881669,278.42980514357424,710.0898958223411,281.2189121152668,717.2030591488939,284.03595832893643,724.3874769642205,286.8812236595576,731.6438630438855,289.7549907856882,738.9729383135374,292.65754521755423,746.3754309205326,295.58917532541494,753.8520763062772,298.55017236821305
26,Verizon Communications Inc.,37.081,539.3597799412097,352.2019363016099,1408.8077452064397,2.612,0.653,548.8579578841349,358.40424649834006,558.5233996602019,358.40424649834006,568.188841436269,364.71577997811187,578.024492577773,371.0273134578836,588.0303530847141,377.4499936532858,598.2094203604964,383.9838205643183,608.5646918085242,390.6307514954042,619.0992176167657,397.39274375096636,629.8161007577535,404.271789103748,640.7184979181253,411.269913794813,651.8096204281659,418.3891791405358,663.092735207717,425.63168213959233,674.5711657284579,432.99955609063926,686.2482929928424,440.49497122068306,698.1275565299823,448.1201353243261,710.21245540877,455.87729441407845,722.5065492685386,463.76873338192684,735.0134593675631,471.79677667235575,747.7368696497118,479.96378896701873,760.6805278295618,488.27217588126183,773.8482464962984,496.7243846727039,787.2439042367236,505.3229049620829,800.8714467777037,514.0702694665805,814.7348881483944,522.9690547458405,828.8383118625833,532.0218819609015,843.1858721215003,541.2314176462669,857.7817950374483,550.6003744953397,872.630379878616,560.1315121594538,887.736000335439,569.8276380607363,903.1031058088819,579.6916082190417,918.7362227210212,589.7263280931999,934.6399558483156,599.9347534368269,950.8189896779542,610.3198911689501,967.2780897876855,620.8848002597041,984.0221042495314,631.6325926313586,1001.0559650577986,642.566434074944,1018.3846895818122,653.6895451827426,1036.0133820437939,665.0052022969234,1053.9472350223252,676.5167384745974,1072.1915309818355,688.2275444695784
27,BP p.l.c.,35.1133,569.5847442422101,205.05050792719564,820.2020317087826,1.44,0.36,575.4244262979325,207.15279346725572,581.3239798422378,207.15279346725572,587.2235333865431,209.2766327432056,593.1835722533885,211.4004720191555,599.2040964427742,213.54608601121987,605.2857260820056,215.71347471939873,611.4290812983879,217.902861389522,617.6347885770978,220.11446926741965,623.9034807611824,222.3485238877552,630.2357971167444,224.60525307402568,636.6323833981256,226.88488696202796,643.0938919137601,229.1876580233252,649.6209815926944,231.51380108895364,656.2143180517841,233.86355337337,662.8745736635714,236.23715449864224,669.6024276248522,238.6348465188857,676.3985660259392,241.0568739449468,683.2636819206272,243.50348376933812,690.1984753968694,245.97492549142578,697.203653648171,248.47145114287298,704.2799310457062,250.99331531334155,711.4280292111689,253.54077517645425,718.6486770903615,256.1140905160208,725.9426110275313,258.71352375253014,733.3105748404605,261.33933996991124,740.75331989632,263.99180694256574,748.271605188291,266.6711951626752,755.8661974129659,269.37777786778474,763.5378710485337,272.1118310686677,771.28740843376,274.8736335774721,779.1155998477676,277.6634670361536,787.0232435906272,280.4816159451963,795.0111460647665,283.32836769262576,803.0801218572049,286.20401258331594,811.230993822623,289.10884386859374,819.4645931672757,292.04315777614426,827.7817595337563,295.0072535402192,836.1833410866213,298.0014334321522,844.6701945988846,301.02600279118366,853.2431855393882,304.08127005559845
28,Intel Corporation,29.185,685.2835360630461,250.1284906630118,1000.5139626520472,1.46,0.365,693.8539828906291,253.25670375507963,702.5316153646768,253.25670375507963,711.2092478387244,256.424039608107,719.9954064684351,259.5913754611344,728.8900912538089,262.7983233609788,737.8946594690215,266.04488330764025,747.0104683882485,269.33155070619284,756.2388922603126,272.65882096171066,765.5813223086836,276.02719567501407,775.0391669437706,279.43718264266954,784.6138519752138,282.88929593447625,794.306820826832,286.38405597095306,804.1195347542246,289.92198960179365,814.0534730650621,293.50363018529197,824.110133342098,297.12951766874767,834.2910316689354,300.8001986698658,844.597702858583,304.5162265591614,855.031700684835,308.2781615433828,865.5945981165082,312.0865707499648,876.2879875545746,315.9420283125255,887.1134810722215,319.8451154574197,898.0727106578792,323.79642059136086,909.1673284612494,327.7965393901259,920.3990070423741,331.84607488835604,931.7694396237808,335.94563757046654,943.2803403457431,340.09584546268,954.9334445246939,344.2973242261962,966.7305089148325,348.55070725151324,978.6733119729621,352.85663575391385,990.7636541265997,357.21575887013114,1003.003358045398,361.6287337562089,1015.3942689159209,366.0962256865703,1027.9382547198122,370.6189081543111,1040.6372065154028,375.19746297273144,1053.4930387227946,379.83258037812203,1066.5076894124682,384.52495913382,1079.6831205974543,389.27530663555086,1093.0213185291161,394.0843390180708,1106.5242939965847,398.95278126312735,1120.1940826298937,403.8813673087534
29,AT&T Inc.,18.795,1064.1127959563712,295.8233572758712,1183.2934291034849,1.112,0.278,1079.8522669473725,300.1989302113696,1095.824543095889,300.1989302113696,1111.7968192444057,304.6392229806572,1128.005344010602,309.0795157499448,1144.4501173944777,313.58548563494736,1161.1346337889947,318.1571326356648,1178.0623875871147,322.79542819334057,1195.2369248679522,327.50134374921794,1212.6618433967747,332.27586511329076,1230.340793389501,337.1199924643034,1248.2774782772,342.0347405622813,1266.475655481897,347.02113896106164,1284.939137203688,352.0802322239674,1303.6717912193287,357.2130801426253,1322.6775416924665,362.4207579589734,1341.960369995684,367.7043565905057,1361.524315544527,373.0649828588002,1381.3734766436917,378.5037597213786,1401.5120113455473,384.0218265069463,1421.9441383211763,389.6203391540622,1442.6741377441112,395.30047045328706,1463.706352186957,401.06341029286295,1485.045187531084,406.9103659079741,1506.6951138895822,412.84256213364137,1528.6606665436732,418.8612416613039,1550.9464468927715,424.9676652991412,1573.5571234183976,431.1631122361905,1596.4974326621427,437.44888031031456,1619.7721802178924,443.8262862800757,1643.3862417385135,450.2966661005741,1667.3445639572192,456.8613752033068,1691.6521657238225,463.521788780107,1716.3141390560975,470.2793020712227,1741.3356502064685,477.13533065759515,1766.7219407442494,484.0913107573983,1792.4783286536615,491.1486995269014,1818.6102094478567,498.3089753657179,1845.1230572991851,505.5736382265042,1872.022426185937,512.9442099291736,1899.3139510558053,520.4222344796906
30,Ford Motor Company,13.525,1478.743068391867,221.81146025878004,887.2458410351202,0.6,0.15,1495.1431763592443,224.27147645388663,1511.725170921454,224.27147645388663,1528.3071654836638,226.7587756382181,1545.0730638672658,229.24607482254956,1562.0228660722603,231.76095958008986,1579.1586116974056,234.30342991083904,1596.4823403414603,236.87379175461083,1613.9961142235018,239.47235105121902,1631.7020181829264,242.09941713352526,1649.602159930322,244.75530272743896,1667.6986702983395,247.4403239895483,1685.9937034953487,250.1548005447509,1704.4894373618736,252.8990555243023,1723.1880736298442,255.67341560428102,1742.0918381846893,258.4782110444766,1761.2029813303068,261.3137757277034,1780.5237780569391,264.180447199546,1800.0565283119888,267.07856670854085,1819.8035572738033,270.0084792467983,1839.767215628465,272.9705335910705,1859.9498798496163,275.9650823442697,1880.3539524813552,278.9924819774424,1900.9818624242346,282.05309287220325,1921.8360652243975,285.14727936363516,1942.9190433658862,288.2754097836596,1964.2333065661567,291.4378565048829,1985.7813920748356,294.6349959849235,2007.565864975754,297.86720881122534,2029.5893184922957,301.1348797463631,2051.8543742960933,304.4383977738443,2074.3636828191134,307.77815614441397,2097.1199235691624,311.15455242286697,2120.1258054488567,314.56798853537435,2143.3840670780896,318.0188708173285,2166.8974771200365,321.5076100617134,2190.668834610736,325.03462156800543,2214.7009692922893,328.6003251916104,2238.9967419497098,332.2051453938434,2263.559044751473,335.84951129245644,2288.3908015937986,339.53385671272093
